<annotation>
	<folder>positives</folder>
	<filename>CT15 (2).jpg</filename>
	<path>F:\UNI_MASTER\MASTERARBEIT\Bilder\Google_Earth_Exported\Training_Images\Cooling Towers\positives\CT15 (2).jpg</path>
	<source>
		<database>Unknown</database>
	</source>
	<size>
		<width>512</width>
		<height>512</height>
		<depth>3</depth>
	</size>
	<segmented>0</segmented>
	<object>
		<name>Vent</name>
		<pose>Unspecified</pose>
		<truncated>0</truncated>
		<difficult>0</difficult>
		<bndbox>
			<xmin>103</xmin>
			<ymin>338</ymin>
			<xmax>165</xmax>
			<ymax>398</ymax>
		</bndbox>
	</object>
	<object>
		<name>Vent</name>
		<pose>Unspecified</pose>
		<truncated>0</truncated>
		<difficult>0</difficult>
		<bndbox>
			<xmin>310</xmin>
			<ymin>151</ymin>
			<xmax>357</xmax>
			<ymax>197</ymax>
		</bndbox>
	</object>
	<object>
		<name>Vent</name>
		<pose>Unspecified</pose>
		<truncated>0</truncated>
		<difficult>0</difficult>
		<bndbox>
			<xmin>319</xmin>
			<ymin>227</ymin>
			<xmax>365</xmax>
			<ymax>273</ymax>
		</bndbox>
	</object>
	<object>
		<name>Vent</name>
		<pose>Unspecified</pose>
		<truncated>0</truncated>
		<difficult>0</difficult>
		<bndbox>
			<xmin>319</xmin>
			<ymin>298</ymin>
			<xmax>381</xmax>
			<ymax>357</ymax>
		</bndbox>
	</object>
</annotation>
