<annotation>
	<folder>positives</folder>
	<filename>CT21 (1).jpg</filename>
	<path>F:\UNI_MASTER\MASTERARBEIT\Bilder\TRAINING_IMAGES\Training_Images\Cooling Towers\positives\CT21 (1).jpg</path>
	<source>
		<database>Unknown</database>
	</source>
	<size>
		<width>518</width>
		<height>518</height>
		<depth>3</depth>
	</size>
	<segmented>0</segmented>
	<object>
		<name>Vent</name>
		<pose>Unspecified</pose>
		<truncated>0</truncated>
		<difficult>0</difficult>
		<bndbox>
			<xmin>116</xmin>
			<ymin>210</ymin>
			<xmax>202</xmax>
			<ymax>297</ymax>
		</bndbox>
	</object>
	<object>
		<name>Vent</name>
		<pose>Unspecified</pose>
		<truncated>0</truncated>
		<difficult>0</difficult>
		<bndbox>
			<xmin>234</xmin>
			<ymin>169</ymin>
			<xmax>319</xmax>
			<ymax>255</ymax>
		</bndbox>
	</object>
	<object>
		<name>Vent</name>
		<pose>Unspecified</pose>
		<truncated>0</truncated>
		<difficult>0</difficult>
		<bndbox>
			<xmin>156</xmin>
			<ymin>323</ymin>
			<xmax>241</xmax>
			<ymax>409</ymax>
		</bndbox>
	</object>
	<object>
		<name>Vent</name>
		<pose>Unspecified</pose>
		<truncated>0</truncated>
		<difficult>0</difficult>
		<bndbox>
			<xmin>366</xmin>
			<ymin>123</ymin>
			<xmax>451</xmax>
			<ymax>208</ymax>
		</bndbox>
	</object>
	<object>
		<name>Vent</name>
		<pose>Unspecified</pose>
		<truncated>0</truncated>
		<difficult>0</difficult>
		<bndbox>
			<xmin>407</xmin>
			<ymin>237</ymin>
			<xmax>493</xmax>
			<ymax>322</ymax>
		</bndbox>
	</object>
</annotation>
