<annotation>
	<folder>positives</folder>
	<filename>CT25 (8).jpg</filename>
	<path>F:\UNI_MASTER\MASTERARBEIT\Bilder\Google_Earth_Exported\Training_Images\Cooling Towers\positives\CT25 (8).jpg</path>
	<source>
		<database>Unknown</database>
	</source>
	<size>
		<width>522</width>
		<height>522</height>
		<depth>3</depth>
	</size>
	<segmented>0</segmented>
	<object>
		<name>Vent</name>
		<pose>Unspecified</pose>
		<truncated>0</truncated>
		<difficult>0</difficult>
		<bndbox>
			<xmin>270</xmin>
			<ymin>340</ymin>
			<xmax>370</xmax>
			<ymax>440</ymax>
		</bndbox>
	</object>
	<object>
		<name>Vent</name>
		<pose>Unspecified</pose>
		<truncated>0</truncated>
		<difficult>0</difficult>
		<bndbox>
			<xmin>387</xmin>
			<ymin>301</ymin>
			<xmax>484</xmax>
			<ymax>399</ymax>
		</bndbox>
	</object>
</annotation>
