<annotation>
	<folder>positives</folder>
	<filename>CT29.jpg</filename>
	<path>F:\UNI_MASTER\MASTERARBEIT\Bilder\Google_Earth_Exported\Training_Images\Cooling Towers\positives\CT29.jpg</path>
	<source>
		<database>Unknown</database>
	</source>
	<size>
		<width>502</width>
		<height>502</height>
		<depth>3</depth>
	</size>
	<segmented>0</segmented>
	<object>
		<name>Vent</name>
		<pose>Unspecified</pose>
		<truncated>0</truncated>
		<difficult>0</difficult>
		<bndbox>
			<xmin>245</xmin>
			<ymin>110</ymin>
			<xmax>352</xmax>
			<ymax>220</ymax>
		</bndbox>
	</object>
	<object>
		<name>Vent</name>
		<pose>Unspecified</pose>
		<truncated>0</truncated>
		<difficult>0</difficult>
		<bndbox>
			<xmin>120</xmin>
			<ymin>208</ymin>
			<xmax>226</xmax>
			<ymax>316</ymax>
		</bndbox>
	</object>
</annotation>
