<annotation>
	<folder>positives</folder>
	<filename>CT31 (2).jpg</filename>
	<path>F:\UNI_MASTER\MASTERARBEIT\Bilder\Google_Earth_Exported\Training_Images\Cooling Towers\positives\CT31 (2).jpg</path>
	<source>
		<database>Unknown</database>
	</source>
	<size>
		<width>515</width>
		<height>515</height>
		<depth>3</depth>
	</size>
	<segmented>0</segmented>
	<object>
		<name>Vent</name>
		<pose>Unspecified</pose>
		<truncated>0</truncated>
		<difficult>0</difficult>
		<bndbox>
			<xmin>61</xmin>
			<ymin>205</ymin>
			<xmax>121</xmax>
			<ymax>266</ymax>
		</bndbox>
	</object>
	<object>
		<name>Vent</name>
		<pose>Unspecified</pose>
		<truncated>0</truncated>
		<difficult>0</difficult>
		<bndbox>
			<xmin>123</xmin>
			<ymin>281</ymin>
			<xmax>182</xmax>
			<ymax>340</ymax>
		</bndbox>
	</object>
	<object>
		<name>Vent</name>
		<pose>Unspecified</pose>
		<truncated>0</truncated>
		<difficult>0</difficult>
		<bndbox>
			<xmin>185</xmin>
			<ymin>358</ymin>
			<xmax>243</xmax>
			<ymax>418</ymax>
		</bndbox>
	</object>
</annotation>
