<annotation>
	<folder>positives</folder>
	<filename>CT5 (2).jpg</filename>
	<path>F:\UNI_MASTER\MASTERARBEIT\Bilder\Google_Earth_Exported\Training_Images\Cooling Towers\positives\CT5 (2).jpg</path>
	<source>
		<database>Unknown</database>
	</source>
	<size>
		<width>513</width>
		<height>513</height>
		<depth>3</depth>
	</size>
	<segmented>0</segmented>
	<object>
		<name>Vent</name>
		<pose>Unspecified</pose>
		<truncated>0</truncated>
		<difficult>0</difficult>
		<bndbox>
			<xmin>343</xmin>
			<ymin>203</ymin>
			<xmax>365</xmax>
			<ymax>226</ymax>
		</bndbox>
	</object>
	<object>
		<name>Vent</name>
		<pose>Unspecified</pose>
		<truncated>0</truncated>
		<difficult>0</difficult>
		<bndbox>
			<xmin>322</xmin>
			<ymin>226</ymin>
			<xmax>346</xmax>
			<ymax>250</ymax>
		</bndbox>
	</object>
</annotation>
