<annotation>
	<folder>positives</folder>
	<filename>CT7 (1).jpg</filename>
	<path>F:\UNI_MASTER\MASTERARBEIT\Bilder\Google_Earth_Exported\Training_Images\Cooling Towers\positives\CT7 (1).jpg</path>
	<source>
		<database>Unknown</database>
	</source>
	<size>
		<width>508</width>
		<height>508</height>
		<depth>3</depth>
	</size>
	<segmented>0</segmented>
	<object>
		<name>Vent</name>
		<pose>Unspecified</pose>
		<truncated>0</truncated>
		<difficult>0</difficult>
		<bndbox>
			<xmin>115</xmin>
			<ymin>154</ymin>
			<xmax>157</xmax>
			<ymax>196</ymax>
		</bndbox>
	</object>
	<object>
		<name>Vent</name>
		<pose>Unspecified</pose>
		<truncated>0</truncated>
		<difficult>0</difficult>
		<bndbox>
			<xmin>178</xmin>
			<ymin>180</ymin>
			<xmax>222</xmax>
			<ymax>223</ymax>
		</bndbox>
	</object>
	<object>
		<name>Vent</name>
		<pose>Unspecified</pose>
		<truncated>0</truncated>
		<difficult>0</difficult>
		<bndbox>
			<xmin>227</xmin>
			<ymin>201</ymin>
			<xmax>270</xmax>
			<ymax>243</ymax>
		</bndbox>
	</object>
</annotation>
