<annotation>
	<folder>Native_Resolution_under_490</folder>
	<filename>Wien_15 (7)_resized.jpg</filename>
	<path>F:\UNI_MASTER\MASTERARBEIT\Bilder\Google_Earth_Exported\Training_Images\Cropped\KMs_nach_Bautyp\Resized_to_512\Native_Resolution_under_490\Wien_15 (7)_resized.jpg</path>
	<source>
		<database>Unknown</database>
	</source>
	<size>
		<width>512</width>
		<height>512</height>
		<depth>3</depth>
	</size>
	<segmented>0</segmented>
	<object>
		<name>Chiller</name>
		<pose>Unspecified</pose>
		<truncated>1</truncated>
		<difficult>0</difficult>
		<bndbox>
			<xmin>133</xmin>
			<ymin>1</ymin>
			<xmax>184</xmax>
			<ymax>52</ymax>
		</bndbox>
	</object>
	<object>
		<name>Chiller</name>
		<pose>Unspecified</pose>
		<truncated>0</truncated>
		<difficult>0</difficult>
		<bndbox>
			<xmin>96</xmin>
			<ymin>53</ymin>
			<xmax>154</xmax>
			<ymax>125</ymax>
		</bndbox>
	</object>
	<object>
		<name>Chiller</name>
		<pose>Unspecified</pose>
		<truncated>0</truncated>
		<difficult>0</difficult>
		<bndbox>
			<xmin>185</xmin>
			<ymin>97</ymin>
			<xmax>243</xmax>
			<ymax>169</ymax>
		</bndbox>
	</object>
	<object>
		<name>Chiller</name>
		<pose>Unspecified</pose>
		<truncated>0</truncated>
		<difficult>0</difficult>
		<bndbox>
			<xmin>222</xmin>
			<ymin>24</ymin>
			<xmax>280</xmax>
			<ymax>96</ymax>
		</bndbox>
	</object>
</annotation>
