<annotation>
	<folder>Relabel_Boxes_and_Coolingtowers</folder>
	<filename>Dusseldorf_20 (12)_resized.jpg</filename>
	<path>F:\UNI_MASTER\MASTERARBEIT\Bilder\Google_Earth_Exported\Training_Images\Chillers\1_One_Class\To_Roboflow_Checked_Version_2\Relabel_Boxes_and_Coolingtowers\Dusseldorf_20 (12)_resized.jpg</path>
	<source>
		<database>Unknown</database>
	</source>
	<size>
		<width>512</width>
		<height>512</height>
		<depth>3</depth>
	</size>
	<segmented>0</segmented>
	<object>
		<name>Chiller</name>
		<pose>Unspecified</pose>
		<truncated>0</truncated>
		<difficult>0</difficult>
		<bndbox>
			<xmin>425</xmin>
			<ymin>224</ymin>
			<xmax>458</xmax>
			<ymax>278</ymax>
		</bndbox>
	</object>
	<object>
		<name>Chiller</name>
		<pose>Unspecified</pose>
		<truncated>0</truncated>
		<difficult>0</difficult>
		<bndbox>
			<xmin>418</xmin>
			<ymin>285</ymin>
			<xmax>453</xmax>
			<ymax>339</ymax>
		</bndbox>
	</object>
	<object>
		<name>Chiller</name>
		<pose>Unspecified</pose>
		<truncated>0</truncated>
		<difficult>0</difficult>
		<bndbox>
			<xmin>410</xmin>
			<ymin>372</ymin>
			<xmax>444</xmax>
			<ymax>424</ymax>
		</bndbox>
	</object>
	<object>
		<name>Chiller</name>
		<pose>Unspecified</pose>
		<truncated>0</truncated>
		<difficult>0</difficult>
		<bndbox>
			<xmin>402</xmin>
			<ymin>459</ymin>
			<xmax>436</xmax>
			<ymax>510</ymax>
		</bndbox>
	</object>
</annotation>
