<annotation>
	<folder>8</folder>
	<filename>Dusseldorf_36 (1)_resized.jpg</filename>
	<path>F:\UNI_MASTER\MASTERARBEIT\Bilder\Google_Earth_Exported\Training_Images\Cropped\KMs_nach_Bautyp\Resized_to_512\Native_Resolution_over_490\8\Dusseldorf_36 (1)_resized.jpg</path>
	<source>
		<database>Unknown</database>
	</source>
	<size>
		<width>512</width>
		<height>512</height>
		<depth>3</depth>
	</size>
	<segmented>0</segmented>
	<object>
		<name>Chiller</name>
		<pose>Unspecified</pose>
		<truncated>0</truncated>
		<difficult>0</difficult>
		<bndbox>
			<xmin>197</xmin>
			<ymin>197</ymin>
			<xmax>252</xmax>
			<ymax>249</ymax>
		</bndbox>
	</object>
	<object>
		<name>Chiller</name>
		<pose>Unspecified</pose>
		<truncated>0</truncated>
		<difficult>0</difficult>
		<bndbox>
			<xmin>272</xmin>
			<ymin>155</ymin>
			<xmax>326</xmax>
			<ymax>206</ymax>
		</bndbox>
	</object>
</annotation>
