<annotation>
	<folder>Labeled</folder>
	<filename>Berlin_13 (6)_resized_BB_0.png</filename>
	<path>F:\UNI_MASTER\MASTERARBEIT\Bilder\DETECT_VENTS\Extracted Bounding Boxes\Labeled\Berlin_13 (6)_resized_BB_0.png</path>
	<source>
		<database>Unknown</database>
	</source>
	<size>
		<width>220</width>
		<height>220</height>
		<depth>3</depth>
	</size>
	<segmented>0</segmented>
	<object>
		<name>V</name>
		<pose>Unspecified</pose>
		<truncated>0</truncated>
		<difficult>0</difficult>
		<bndbox>
			<xmin>25</xmin>
			<ymin>13</ymin>
			<xmax>36</xmax>
			<ymax>24</ymax>
		</bndbox>
	</object>
	<object>
		<name>V</name>
		<pose>Unspecified</pose>
		<truncated>0</truncated>
		<difficult>0</difficult>
		<bndbox>
			<xmin>14</xmin>
			<ymin>20</ymin>
			<xmax>25</xmax>
			<ymax>31</ymax>
		</bndbox>
	</object>
	<object>
		<name>V</name>
		<pose>Unspecified</pose>
		<truncated>0</truncated>
		<difficult>0</difficult>
		<bndbox>
			<xmin>36</xmin>
			<ymin>35</ymin>
			<xmax>48</xmax>
			<ymax>47</ymax>
		</bndbox>
	</object>
	<object>
		<name>V</name>
		<pose>Unspecified</pose>
		<truncated>0</truncated>
		<difficult>0</difficult>
		<bndbox>
			<xmin>24</xmin>
			<ymin>41</ymin>
			<xmax>36</xmax>
			<ymax>53</ymax>
		</bndbox>
	</object>
	<object>
		<name>V</name>
		<pose>Unspecified</pose>
		<truncated>0</truncated>
		<difficult>0</difficult>
		<bndbox>
			<xmin>48</xmin>
			<ymin>56</ymin>
			<xmax>60</xmax>
			<ymax>69</ymax>
		</bndbox>
	</object>
	<object>
		<name>V</name>
		<pose>Unspecified</pose>
		<truncated>0</truncated>
		<difficult>0</difficult>
		<bndbox>
			<xmin>37</xmin>
			<ymin>62</ymin>
			<xmax>49</xmax>
			<ymax>75</ymax>
		</bndbox>
	</object>
	<object>
		<name>V</name>
		<pose>Unspecified</pose>
		<truncated>0</truncated>
		<difficult>0</difficult>
		<bndbox>
			<xmin>60</xmin>
			<ymin>77</ymin>
			<xmax>72</xmax>
			<ymax>90</ymax>
		</bndbox>
	</object>
	<object>
		<name>V</name>
		<pose>Unspecified</pose>
		<truncated>0</truncated>
		<difficult>0</difficult>
		<bndbox>
			<xmin>49</xmin>
			<ymin>84</ymin>
			<xmax>61</xmax>
			<ymax>96</ymax>
		</bndbox>
	</object>
	<object>
		<name>V</name>
		<pose>Unspecified</pose>
		<truncated>0</truncated>
		<difficult>0</difficult>
		<bndbox>
			<xmin>72</xmin>
			<ymin>100</ymin>
			<xmax>84</xmax>
			<ymax>112</ymax>
		</bndbox>
	</object>
	<object>
		<name>V</name>
		<pose>Unspecified</pose>
		<truncated>0</truncated>
		<difficult>0</difficult>
		<bndbox>
			<xmin>61</xmin>
			<ymin>106</ymin>
			<xmax>73</xmax>
			<ymax>117</ymax>
		</bndbox>
	</object>
</annotation>
