<annotation>
	<folder>Labeled</folder>
	<filename>Berlin_7 (1)_resized_BB_1.png</filename>
	<path>F:\UNI_MASTER\MASTERARBEIT\Bilder\DETECT_VENTS\Extracted Bounding Boxes\Labeled\Berlin_7 (1)_resized_BB_1.png</path>
	<source>
		<database>Unknown</database>
	</source>
	<size>
		<width>220</width>
		<height>220</height>
		<depth>3</depth>
	</size>
	<segmented>0</segmented>
	<object>
		<name>V</name>
		<pose>Unspecified</pose>
		<truncated>0</truncated>
		<difficult>0</difficult>
		<bndbox>
			<xmin>24</xmin>
			<ymin>18</ymin>
			<xmax>37</xmax>
			<ymax>30</ymax>
		</bndbox>
	</object>
	<object>
		<name>V</name>
		<pose>Unspecified</pose>
		<truncated>0</truncated>
		<difficult>0</difficult>
		<bndbox>
			<xmin>12</xmin>
			<ymin>21</ymin>
			<xmax>25</xmax>
			<ymax>33</ymax>
		</bndbox>
	</object>
	<object>
		<name>V</name>
		<pose>Unspecified</pose>
		<truncated>0</truncated>
		<difficult>0</difficult>
		<bndbox>
			<xmin>30</xmin>
			<ymin>44</ymin>
			<xmax>43</xmax>
			<ymax>56</ymax>
		</bndbox>
	</object>
	<object>
		<name>V</name>
		<pose>Unspecified</pose>
		<truncated>0</truncated>
		<difficult>0</difficult>
		<bndbox>
			<xmin>18</xmin>
			<ymin>47</ymin>
			<xmax>30</xmax>
			<ymax>60</ymax>
		</bndbox>
	</object>
	<object>
		<name>V</name>
		<pose>Unspecified</pose>
		<truncated>0</truncated>
		<difficult>0</difficult>
		<bndbox>
			<xmin>37</xmin>
			<ymin>72</ymin>
			<xmax>49</xmax>
			<ymax>83</ymax>
		</bndbox>
	</object>
	<object>
		<name>V</name>
		<pose>Unspecified</pose>
		<truncated>0</truncated>
		<difficult>0</difficult>
		<bndbox>
			<xmin>25</xmin>
			<ymin>75</ymin>
			<xmax>37</xmax>
			<ymax>86</ymax>
		</bndbox>
	</object>
	<object>
		<name>V</name>
		<pose>Unspecified</pose>
		<truncated>0</truncated>
		<difficult>0</difficult>
		<bndbox>
			<xmin>31</xmin>
			<ymin>101</ymin>
			<xmax>43</xmax>
			<ymax>112</ymax>
		</bndbox>
	</object>
	<object>
		<name>V</name>
		<pose>Unspecified</pose>
		<truncated>0</truncated>
		<difficult>0</difficult>
		<bndbox>
			<xmin>43</xmin>
			<ymin>98</ymin>
			<xmax>55</xmax>
			<ymax>109</ymax>
		</bndbox>
	</object>
	<object>
		<name>V</name>
		<pose>Unspecified</pose>
		<truncated>1</truncated>
		<difficult>0</difficult>
		<bndbox>
			<xmin>1</xmin>
			<ymin>81</ymin>
			<xmax>8</xmax>
			<ymax>95</ymax>
		</bndbox>
	</object>
	<object>
		<name>V</name>
		<pose>Unspecified</pose>
		<truncated>0</truncated>
		<difficult>0</difficult>
		<bndbox>
			<xmin>2</xmin>
			<ymin>108</ymin>
			<xmax>14</xmax>
			<ymax>120</ymax>
		</bndbox>
	</object>
	<object>
		<name>V</name>
		<pose>Unspecified</pose>
		<truncated>0</truncated>
		<difficult>0</difficult>
		<bndbox>
			<xmin>50</xmin>
			<ymin>125</ymin>
			<xmax>61</xmax>
			<ymax>136</ymax>
		</bndbox>
	</object>
	<object>
		<name>V</name>
		<pose>Unspecified</pose>
		<truncated>0</truncated>
		<difficult>0</difficult>
		<bndbox>
			<xmin>38</xmin>
			<ymin>128</ymin>
			<xmax>50</xmax>
			<ymax>140</ymax>
		</bndbox>
	</object>
	<object>
		<name>V</name>
		<pose>Unspecified</pose>
		<truncated>0</truncated>
		<difficult>0</difficult>
		<bndbox>
			<xmin>10</xmin>
			<ymin>135</ymin>
			<xmax>22</xmax>
			<ymax>146</ymax>
		</bndbox>
	</object>
	<object>
		<name>V</name>
		<pose>Unspecified</pose>
		<truncated>1</truncated>
		<difficult>0</difficult>
		<bndbox>
			<xmin>1</xmin>
			<ymin>137</ymin>
			<xmax>9</xmax>
			<ymax>151</ymax>
		</bndbox>
	</object>
</annotation>
