<annotation>
	<folder>Labeled</folder>
	<filename>Tokyo_ADDITION (10)_BB_12.png</filename>
	<path>F:\UNI_MASTER\MASTERARBEIT\Bilder\DETECT_VENTS\Extracted Bounding Boxes\Labeled\Tokyo_ADDITION (10)_BB_12.png</path>
	<source>
		<database>Unknown</database>
	</source>
	<size>
		<width>220</width>
		<height>220</height>
		<depth>3</depth>
	</size>
	<segmented>0</segmented>
	<object>
		<name>V</name>
		<pose>Unspecified</pose>
		<truncated>0</truncated>
		<difficult>0</difficult>
		<bndbox>
			<xmin>5</xmin>
			<ymin>24</ymin>
			<xmax>15</xmax>
			<ymax>34</ymax>
		</bndbox>
	</object>
	<object>
		<name>V</name>
		<pose>Unspecified</pose>
		<truncated>0</truncated>
		<difficult>0</difficult>
		<bndbox>
			<xmin>3</xmin>
			<ymin>34</ymin>
			<xmax>13</xmax>
			<ymax>44</ymax>
		</bndbox>
	</object>
	<object>
		<name>V</name>
		<pose>Unspecified</pose>
		<truncated>0</truncated>
		<difficult>0</difficult>
		<bndbox>
			<xmin>12</xmin>
			<ymin>35</ymin>
			<xmax>22</xmax>
			<ymax>45</ymax>
		</bndbox>
	</object>
	<object>
		<name>V</name>
		<pose>Unspecified</pose>
		<truncated>0</truncated>
		<difficult>0</difficult>
		<bndbox>
			<xmin>14</xmin>
			<ymin>25</ymin>
			<xmax>24</xmax>
			<ymax>35</ymax>
		</bndbox>
	</object>
	<object>
		<name>V</name>
		<pose>Unspecified</pose>
		<truncated>0</truncated>
		<difficult>0</difficult>
		<bndbox>
			<xmin>16</xmin>
			<ymin>16</ymin>
			<xmax>25</xmax>
			<ymax>26</ymax>
		</bndbox>
	</object>
	<object>
		<name>V</name>
		<pose>Unspecified</pose>
		<truncated>0</truncated>
		<difficult>0</difficult>
		<bndbox>
			<xmin>17</xmin>
			<ymin>6</ymin>
			<xmax>27</xmax>
			<ymax>17</ymax>
		</bndbox>
	</object>
</annotation>
