<annotation>
	<folder>positives</folder>
	<filename>CT35.jpg</filename>
	<path>F:\UNI_MASTER\MASTERARBEIT\Bilder\Google_Earth_Exported\Training_Images\Cooling Towers\positives\CT35.jpg</path>
	<source>
		<database>Unknown</database>
	</source>
	<size>
		<width>505</width>
		<height>505</height>
		<depth>3</depth>
	</size>
	<segmented>0</segmented>
	<object>
		<name>Vent</name>
		<pose>Unspecified</pose>
		<truncated>0</truncated>
		<difficult>0</difficult>
		<bndbox>
			<xmin>189</xmin>
			<ymin>205</ymin>
			<xmax>213</xmax>
			<ymax>229</ymax>
		</bndbox>
	</object>
</annotation>
