<annotation>
	<folder>positives</folder>
	<filename>CT37.jpg</filename>
	<path>F:\UNI_MASTER\MASTERARBEIT\Bilder\Google_Earth_Exported\Training_Images\Cooling Towers\positives\CT37.jpg</path>
	<source>
		<database>Unknown</database>
	</source>
	<size>
		<width>513</width>
		<height>513</height>
		<depth>3</depth>
	</size>
	<segmented>0</segmented>
	<object>
		<name>Vent</name>
		<pose>Unspecified</pose>
		<truncated>0</truncated>
		<difficult>0</difficult>
		<bndbox>
			<xmin>237</xmin>
			<ymin>193</ymin>
			<xmax>280</xmax>
			<ymax>236</ymax>
		</bndbox>
	</object>
	<object>
		<name>Vent</name>
		<pose>Unspecified</pose>
		<truncated>0</truncated>
		<difficult>0</difficult>
		<bndbox>
			<xmin>346</xmin>
			<ymin>215</ymin>
			<xmax>389</xmax>
			<ymax>258</ymax>
		</bndbox>
	</object>
	<object>
		<name>Vent</name>
		<pose>Unspecified</pose>
		<truncated>0</truncated>
		<difficult>0</difficult>
		<bndbox>
			<xmin>317</xmin>
			<ymin>256</ymin>
			<xmax>361</xmax>
			<ymax>298</ymax>
		</bndbox>
	</object>
</annotation>
