<annotation>
	<folder>positives</folder>
	<filename>CT40.jpg</filename>
	<path>F:\UNI_MASTER\MASTERARBEIT\Bilder\Google_Earth_Exported\Training_Images\Cooling Towers\positives\CT40.jpg</path>
	<source>
		<database>Unknown</database>
	</source>
	<size>
		<width>508</width>
		<height>508</height>
		<depth>3</depth>
	</size>
	<segmented>0</segmented>
	<object>
		<name>Vent</name>
		<pose>Unspecified</pose>
		<truncated>0</truncated>
		<difficult>0</difficult>
		<bndbox>
			<xmin>116</xmin>
			<ymin>298</ymin>
			<xmax>147</xmax>
			<ymax>330</ymax>
		</bndbox>
	</object>
	<object>
		<name>Vent</name>
		<pose>Unspecified</pose>
		<truncated>0</truncated>
		<difficult>0</difficult>
		<bndbox>
			<xmin>133</xmin>
			<ymin>344</ymin>
			<xmax>163</xmax>
			<ymax>375</ymax>
		</bndbox>
	</object>
</annotation>
