<annotation>
	<folder>positives</folder>
	<filename>CT55 (3).jpg</filename>
	<path>F:\UNI_MASTER\MASTERARBEIT\Bilder\TRAINING_IMAGES\Training_Images\Cooling Towers\positives\CT55 (3).jpg</path>
	<source>
		<database>Unknown</database>
	</source>
	<size>
		<width>493</width>
		<height>493</height>
		<depth>3</depth>
	</size>
	<segmented>0</segmented>
	<object>
		<name>Vent</name>
		<pose>Unspecified</pose>
		<truncated>0</truncated>
		<difficult>0</difficult>
		<bndbox>
			<xmin>177</xmin>
			<ymin>307</ymin>
			<xmax>199</xmax>
			<ymax>328</ymax>
		</bndbox>
	</object>
</annotation>
