<annotation>
	<folder>positives</folder>
	<filename>CT56 (8).jpg</filename>
	<path>F:\UNI_MASTER\MASTERARBEIT\Bilder\TRAINING_IMAGES\Training_Images\Cooling Towers\positives\CT56 (8).jpg</path>
	<source>
		<database>Unknown</database>
	</source>
	<size>
		<width>462</width>
		<height>462</height>
		<depth>3</depth>
	</size>
	<segmented>0</segmented>
	<object>
		<name>Vent</name>
		<pose>Unspecified</pose>
		<truncated>0</truncated>
		<difficult>0</difficult>
		<bndbox>
			<xmin>121</xmin>
			<ymin>98</ymin>
			<xmax>145</xmax>
			<ymax>121</ymax>
		</bndbox>
	</object>
	<object>
		<name>Vent</name>
		<pose>Unspecified</pose>
		<truncated>0</truncated>
		<difficult>0</difficult>
		<bndbox>
			<xmin>102</xmin>
			<ymin>132</ymin>
			<xmax>126</xmax>
			<ymax>155</ymax>
		</bndbox>
	</object>
	<object>
		<name>Vent</name>
		<pose>Unspecified</pose>
		<truncated>0</truncated>
		<difficult>0</difficult>
		<bndbox>
			<xmin>82</xmin>
			<ymin>165</ymin>
			<xmax>106</xmax>
			<ymax>188</ymax>
		</bndbox>
	</object>
	<object>
		<name>Vent</name>
		<pose>Unspecified</pose>
		<truncated>0</truncated>
		<difficult>0</difficult>
		<bndbox>
			<xmin>62</xmin>
			<ymin>199</ymin>
			<xmax>85</xmax>
			<ymax>222</ymax>
		</bndbox>
	</object>
	<object>
		<name>Vent</name>
		<pose>Unspecified</pose>
		<truncated>0</truncated>
		<difficult>0</difficult>
		<bndbox>
			<xmin>310</xmin>
			<ymin>158</ymin>
			<xmax>333</xmax>
			<ymax>181</ymax>
		</bndbox>
	</object>
	<object>
		<name>Vent</name>
		<pose>Unspecified</pose>
		<truncated>0</truncated>
		<difficult>0</difficult>
		<bndbox>
			<xmin>324</xmin>
			<ymin>133</ymin>
			<xmax>348</xmax>
			<ymax>156</ymax>
		</bndbox>
	</object>
	<object>
		<name>Vent</name>
		<pose>Unspecified</pose>
		<truncated>0</truncated>
		<difficult>0</difficult>
		<bndbox>
			<xmin>373</xmin>
			<ymin>162</ymin>
			<xmax>397</xmax>
			<ymax>185</ymax>
		</bndbox>
	</object>
	<object>
		<name>Vent</name>
		<pose>Unspecified</pose>
		<truncated>0</truncated>
		<difficult>0</difficult>
		<bndbox>
			<xmin>359</xmin>
			<ymin>187</ymin>
			<xmax>381</xmax>
			<ymax>210</ymax>
		</bndbox>
	</object>
	<object>
		<name>Vent</name>
		<pose>Unspecified</pose>
		<truncated>0</truncated>
		<difficult>0</difficult>
		<bndbox>
			<xmin>411</xmin>
			<ymin>183</ymin>
			<xmax>434</xmax>
			<ymax>207</ymax>
		</bndbox>
	</object>
	<object>
		<name>Vent</name>
		<pose>Unspecified</pose>
		<truncated>0</truncated>
		<difficult>0</difficult>
		<bndbox>
			<xmin>396</xmin>
			<ymin>209</ymin>
			<xmax>419</xmax>
			<ymax>231</ymax>
		</bndbox>
	</object>
</annotation>
