<annotation>
	<folder>positives</folder>
	<filename>CT56 (3).jpg</filename>
	<path>F:\UNI_MASTER\MASTERARBEIT\Bilder\TRAINING_IMAGES\Training_Images\Cooling Towers\positives\CT56 (3).jpg</path>
	<source>
		<database>Unknown</database>
	</source>
	<size>
		<width>305</width>
		<height>305</height>
		<depth>3</depth>
	</size>
	<segmented>0</segmented>
	<object>
		<name>Vent</name>
		<pose>Unspecified</pose>
		<truncated>0</truncated>
		<difficult>0</difficult>
		<bndbox>
			<xmin>83</xmin>
			<ymin>69</ymin>
			<xmax>101</xmax>
			<ymax>87</ymax>
		</bndbox>
	</object>
	<object>
		<name>Vent</name>
		<pose>Unspecified</pose>
		<truncated>0</truncated>
		<difficult>0</difficult>
		<bndbox>
			<xmin>69</xmin>
			<ymin>93</ymin>
			<xmax>87</xmax>
			<ymax>111</ymax>
		</bndbox>
	</object>
</annotation>
