<annotation>
	<folder>positives</folder>
	<filename>CT61 (6).jpg</filename>
	<path>F:\UNI_MASTER\MASTERARBEIT\Bilder\TRAINING_IMAGES\Training_Images\Cooling Towers\positives\CT61 (6).jpg</path>
	<source>
		<database>Unknown</database>
	</source>
	<size>
		<width>488</width>
		<height>488</height>
		<depth>3</depth>
	</size>
	<segmented>0</segmented>
	<object>
		<name>Vent</name>
		<pose>Unspecified</pose>
		<truncated>0</truncated>
		<difficult>0</difficult>
		<bndbox>
			<xmin>217</xmin>
			<ymin>149</ymin>
			<xmax>254</xmax>
			<ymax>186</ymax>
		</bndbox>
	</object>
	<object>
		<name>Vent</name>
		<pose>Unspecified</pose>
		<truncated>0</truncated>
		<difficult>0</difficult>
		<bndbox>
			<xmin>188</xmin>
			<ymin>175</ymin>
			<xmax>224</xmax>
			<ymax>210</ymax>
		</bndbox>
	</object>
	<object>
		<name>Vent</name>
		<pose>Unspecified</pose>
		<truncated>0</truncated>
		<difficult>0</difficult>
		<bndbox>
			<xmin>157</xmin>
			<ymin>199</ymin>
			<xmax>194</xmax>
			<ymax>235</ymax>
		</bndbox>
	</object>
</annotation>
