<annotation>
	<folder>Relabel_Boxes_and_Coolingtowers</folder>
	<filename>Tokyo_12 (7)_resized.jpg</filename>
	<path>F:\UNI_MASTER\MASTERARBEIT\Bilder\Google_Earth_Exported\Training_Images\Chillers\1_One_Class\To_Roboflow_Checked_Version_2\Relabel_Boxes_and_Coolingtowers\Tokyo_12 (7)_resized.jpg</path>
	<source>
		<database>Unknown</database>
	</source>
	<size>
		<width>512</width>
		<height>512</height>
		<depth>3</depth>
	</size>
	<segmented>0</segmented>
	<object>
		<name>Chiller</name>
		<pose>Unspecified</pose>
		<truncated>1</truncated>
		<difficult>0</difficult>
		<bndbox>
			<xmin>169</xmin>
			<ymin>497</ymin>
			<xmax>185</xmax>
			<ymax>512</ymax>
		</bndbox>
	</object>
	<object>
		<name>Vent</name>
		<pose>Unspecified</pose>
		<truncated>0</truncated>
		<difficult>0</difficult>
		<bndbox>
			<xmin>189</xmin>
			<ymin>205</ymin>
			<xmax>211</xmax>
			<ymax>227</ymax>
		</bndbox>
	</object>
	<object>
		<name>Vent</name>
		<pose>Unspecified</pose>
		<truncated>0</truncated>
		<difficult>0</difficult>
		<bndbox>
			<xmin>211</xmin>
			<ymin>214</ymin>
			<xmax>233</xmax>
			<ymax>236</ymax>
		</bndbox>
	</object>
</annotation>
