<annotation>
	<folder>Mixed</folder>
	<filename>Berlin_19 (10)_resized.jpg</filename>
	<path>F:\UNI_MASTER\MASTERARBEIT\Bilder\Google_Earth_Exported\Training_Images\Cropped\KMs_nach_Bautyp\Resized_to_512\Native_Resolution_over_490\Mixed\Berlin_19 (10)_resized.jpg</path>
	<source>
		<database>Unknown</database>
	</source>
	<size>
		<width>512</width>
		<height>512</height>
		<depth>3</depth>
	</size>
	<segmented>0</segmented>
	<object>
		<name>Chiller</name>
		<pose>Unspecified</pose>
		<truncated>0</truncated>
		<difficult>0</difficult>
		<bndbox>
			<xmin>64</xmin>
			<ymin>5</ymin>
			<xmax>102</xmax>
			<ymax>31</ymax>
		</bndbox>
	</object>
	<object>
		<name>Chiller</name>
		<pose>Unspecified</pose>
		<truncated>0</truncated>
		<difficult>0</difficult>
		<bndbox>
			<xmin>16</xmin>
			<ymin>9</ymin>
			<xmax>52</xmax>
			<ymax>36</ymax>
		</bndbox>
	</object>
	<object>
		<name>Chiller</name>
		<pose>Unspecified</pose>
		<truncated>0</truncated>
		<difficult>0</difficult>
		<bndbox>
			<xmin>355</xmin>
			<ymin>422</ymin>
			<xmax>384</xmax>
			<ymax>468</ymax>
		</bndbox>
	</object>
</annotation>
