<annotation>
	<folder>Mixed</folder>
	<filename>Berlin_16 (1)_resized.jpg</filename>
	<path>F:\UNI_MASTER\MASTERARBEIT\Bilder\Google_Earth_Exported\Training_Images\Cropped\KMs_nach_Bautyp\Resized_to_512\Native_Resolution_over_490\Mixed\Berlin_16 (1)_resized.jpg</path>
	<source>
		<database>Unknown</database>
	</source>
	<size>
		<width>512</width>
		<height>512</height>
		<depth>3</depth>
	</size>
	<segmented>0</segmented>
	<object>
		<name>Chiller</name>
		<pose>Unspecified</pose>
		<truncated>0</truncated>
		<difficult>0</difficult>
		<bndbox>
			<xmin>315</xmin>
			<ymin>117</ymin>
			<xmax>383</xmax>
			<ymax>194</ymax>
		</bndbox>
	</object>
	<object>
		<name>Chiller</name>
		<pose>Unspecified</pose>
		<truncated>0</truncated>
		<difficult>0</difficult>
		<bndbox>
			<xmin>255</xmin>
			<ymin>183</ymin>
			<xmax>321</xmax>
			<ymax>244</ymax>
		</bndbox>
	</object>
	<object>
		<name>Chiller</name>
		<pose>Unspecified</pose>
		<truncated>0</truncated>
		<difficult>0</difficult>
		<bndbox>
			<xmin>271</xmin>
			<ymin>201</ymin>
			<xmax>339</xmax>
			<ymax>264</ymax>
		</bndbox>
	</object>
	<object>
		<name>Chiller</name>
		<pose>Unspecified</pose>
		<truncated>0</truncated>
		<difficult>0</difficult>
		<bndbox>
			<xmin>199</xmin>
			<ymin>240</ymin>
			<xmax>255</xmax>
			<ymax>292</ymax>
		</bndbox>
	</object>
	<object>
		<name>Chiller</name>
		<pose>Unspecified</pose>
		<truncated>0</truncated>
		<difficult>0</difficult>
		<bndbox>
			<xmin>214</xmin>
			<ymin>260</ymin>
			<xmax>271</xmax>
			<ymax>311</ymax>
		</bndbox>
	</object>
	<object>
		<name>Chiller</name>
		<pose>Unspecified</pose>
		<truncated>0</truncated>
		<difficult>0</difficult>
		<bndbox>
			<xmin>172</xmin>
			<ymin>268</ymin>
			<xmax>203</xmax>
			<ymax>303</ymax>
		</bndbox>
	</object>
</annotation>
