<annotation>
	<folder>positives</folder>
	<filename>CT65 (32).jpg</filename>
	<path>F:\UNI_MASTER\MASTERARBEIT\Bilder\TRAINING_IMAGES\Training_Images\Cooling Towers\positives\CT65 (32).jpg</path>
	<source>
		<database>Unknown</database>
	</source>
	<size>
		<width>514</width>
		<height>514</height>
		<depth>3</depth>
	</size>
	<segmented>0</segmented>
	<object>
		<name>Vent</name>
		<pose>Unspecified</pose>
		<truncated>0</truncated>
		<difficult>0</difficult>
		<bndbox>
			<xmin>104</xmin>
			<ymin>59</ymin>
			<xmax>133</xmax>
			<ymax>88</ymax>
		</bndbox>
	</object>
	<object>
		<name>Vent</name>
		<pose>Unspecified</pose>
		<truncated>0</truncated>
		<difficult>0</difficult>
		<bndbox>
			<xmin>124</xmin>
			<ymin>198</ymin>
			<xmax>147</xmax>
			<ymax>221</ymax>
		</bndbox>
	</object>
	<object>
		<name>Vent</name>
		<pose>Unspecified</pose>
		<truncated>0</truncated>
		<difficult>0</difficult>
		<bndbox>
			<xmin>117</xmin>
			<ymin>224</ymin>
			<xmax>139</xmax>
			<ymax>247</ymax>
		</bndbox>
	</object>
</annotation>
