<annotation>
	<folder>positives</folder>
	<filename>CT65 (5).jpg</filename>
	<path>F:\UNI_MASTER\MASTERARBEIT\Bilder\TRAINING_IMAGES\Training_Images\Cooling Towers\positives\CT65 (5).jpg</path>
	<source>
		<database>Unknown</database>
	</source>
	<size>
		<width>498</width>
		<height>498</height>
		<depth>3</depth>
	</size>
	<segmented>0</segmented>
	<object>
		<name>Vent</name>
		<pose>Unspecified</pose>
		<truncated>0</truncated>
		<difficult>0</difficult>
		<bndbox>
			<xmin>381</xmin>
			<ymin>289</ymin>
			<xmax>408</xmax>
			<ymax>316</ymax>
		</bndbox>
	</object>
	<object>
		<name>Vent</name>
		<pose>Unspecified</pose>
		<truncated>0</truncated>
		<difficult>0</difficult>
		<bndbox>
			<xmin>314</xmin>
			<ymin>322</ymin>
			<xmax>342</xmax>
			<ymax>350</ymax>
		</bndbox>
	</object>
</annotation>
