<annotation>
	<folder>positives</folder>
	<filename>CT65 (4).jpg</filename>
	<path>F:\UNI_MASTER\MASTERARBEIT\Bilder\TRAINING_IMAGES\Training_Images\Cooling Towers\positives\CT65 (4).jpg</path>
	<source>
		<database>Unknown</database>
	</source>
	<size>
		<width>446</width>
		<height>446</height>
		<depth>3</depth>
	</size>
	<segmented>0</segmented>
	<object>
		<name>Vent</name>
		<pose>Unspecified</pose>
		<truncated>0</truncated>
		<difficult>0</difficult>
		<bndbox>
			<xmin>77</xmin>
			<ymin>290</ymin>
			<xmax>108</xmax>
			<ymax>322</ymax>
		</bndbox>
	</object>
	<object>
		<name>Vent</name>
		<pose>Unspecified</pose>
		<truncated>0</truncated>
		<difficult>0</difficult>
		<bndbox>
			<xmin>58</xmin>
			<ymin>323</ymin>
			<xmax>86</xmax>
			<ymax>354</ymax>
		</bndbox>
	</object>
</annotation>
