<annotation>
	<folder>positives</folder>
	<filename>CT65 (10).jpg</filename>
	<path>F:\UNI_MASTER\MASTERARBEIT\Bilder\TRAINING_IMAGES\Training_Images\Cooling Towers\positives\CT65 (10).jpg</path>
	<source>
		<database>Unknown</database>
	</source>
	<size>
		<width>513</width>
		<height>513</height>
		<depth>3</depth>
	</size>
	<segmented>0</segmented>
	<object>
		<name>Vent</name>
		<pose>Unspecified</pose>
		<truncated>0</truncated>
		<difficult>0</difficult>
		<bndbox>
			<xmin>325</xmin>
			<ymin>142</ymin>
			<xmax>379</xmax>
			<ymax>198</ymax>
		</bndbox>
	</object>
	<object>
		<name>Vent</name>
		<pose>Unspecified</pose>
		<truncated>0</truncated>
		<difficult>0</difficult>
		<bndbox>
			<xmin>275</xmin>
			<ymin>202</ymin>
			<xmax>328</xmax>
			<ymax>259</ymax>
		</bndbox>
	</object>
	<object>
		<name>Vent</name>
		<pose>Unspecified</pose>
		<truncated>0</truncated>
		<difficult>0</difficult>
		<bndbox>
			<xmin>225</xmin>
			<ymin>264</ymin>
			<xmax>277</xmax>
			<ymax>317</ymax>
		</bndbox>
	</object>
</annotation>
