<annotation>
	<folder>positives</folder>
	<filename>CT65 (24).jpg</filename>
	<path>F:\UNI_MASTER\MASTERARBEIT\Bilder\TRAINING_IMAGES\Training_Images\Cooling Towers\positives\CT65 (24).jpg</path>
	<source>
		<database>Unknown</database>
	</source>
	<size>
		<width>517</width>
		<height>517</height>
		<depth>3</depth>
	</size>
	<segmented>0</segmented>
	<object>
		<name>Vent</name>
		<pose>Unspecified</pose>
		<truncated>0</truncated>
		<difficult>0</difficult>
		<bndbox>
			<xmin>106</xmin>
			<ymin>193</ymin>
			<xmax>165</xmax>
			<ymax>253</ymax>
		</bndbox>
	</object>
	<object>
		<name>Vent</name>
		<pose>Unspecified</pose>
		<truncated>0</truncated>
		<difficult>0</difficult>
		<bndbox>
			<xmin>111</xmin>
			<ymin>259</ymin>
			<xmax>168</xmax>
			<ymax>315</ymax>
		</bndbox>
	</object>
</annotation>
