<annotation>
	<folder>positives</folder>
	<filename>CT68 (4).jpg</filename>
	<path>F:\UNI_MASTER\MASTERARBEIT\Bilder\TRAINING_IMAGES\Training_Images\Cooling Towers\positives\CT68 (4).jpg</path>
	<source>
		<database>Unknown</database>
	</source>
	<size>
		<width>497</width>
		<height>496</height>
		<depth>3</depth>
	</size>
	<segmented>0</segmented>
	<object>
		<name>Vent</name>
		<pose>Unspecified</pose>
		<truncated>0</truncated>
		<difficult>0</difficult>
		<bndbox>
			<xmin>116</xmin>
			<ymin>104</ymin>
			<xmax>149</xmax>
			<ymax>138</ymax>
		</bndbox>
	</object>
	<object>
		<name>Vent</name>
		<pose>Unspecified</pose>
		<truncated>0</truncated>
		<difficult>0</difficult>
		<bndbox>
			<xmin>116</xmin>
			<ymin>170</ymin>
			<xmax>149</xmax>
			<ymax>205</ymax>
		</bndbox>
	</object>
</annotation>
