<annotation>
	<folder>positives</folder>
	<filename>CT69 (1).jpg</filename>
	<path>F:\UNI_MASTER\MASTERARBEIT\Bilder\TRAINING_IMAGES\Training_Images\Cooling Towers\positives\CT69 (1).jpg</path>
	<source>
		<database>Unknown</database>
	</source>
	<size>
		<width>514</width>
		<height>514</height>
		<depth>3</depth>
	</size>
	<segmented>0</segmented>
	<object>
		<name>Vent</name>
		<pose>Unspecified</pose>
		<truncated>0</truncated>
		<difficult>0</difficult>
		<bndbox>
			<xmin>150</xmin>
			<ymin>141</ymin>
			<xmax>176</xmax>
			<ymax>167</ymax>
		</bndbox>
	</object>
	<object>
		<name>Vent</name>
		<pose>Unspecified</pose>
		<truncated>0</truncated>
		<difficult>0</difficult>
		<bndbox>
			<xmin>135</xmin>
			<ymin>166</ymin>
			<xmax>161</xmax>
			<ymax>191</ymax>
		</bndbox>
	</object>
</annotation>
