<annotation>
	<folder>positives</folder>
	<filename>CT69 (2).jpg</filename>
	<path>F:\UNI_MASTER\MASTERARBEIT\Bilder\TRAINING_IMAGES\Training_Images\Cooling Towers\positives\CT69 (2).jpg</path>
	<source>
		<database>Unknown</database>
	</source>
	<size>
		<width>517</width>
		<height>517</height>
		<depth>3</depth>
	</size>
	<segmented>0</segmented>
	<object>
		<name>Vent</name>
		<pose>Unspecified</pose>
		<truncated>0</truncated>
		<difficult>0</difficult>
		<bndbox>
			<xmin>288</xmin>
			<ymin>43</ymin>
			<xmax>326</xmax>
			<ymax>80</ymax>
		</bndbox>
	</object>
	<object>
		<name>Vent</name>
		<pose>Unspecified</pose>
		<truncated>0</truncated>
		<difficult>0</difficult>
		<bndbox>
			<xmin>268</xmin>
			<ymin>76</ymin>
			<xmax>305</xmax>
			<ymax>113</ymax>
		</bndbox>
	</object>
</annotation>
