<annotation>
	<folder>positives</folder>
	<filename>CT70 (6).jpg</filename>
	<path>F:\UNI_MASTER\MASTERARBEIT\Bilder\TRAINING_IMAGES\Training_Images\Cooling Towers\positives\CT70 (6).jpg</path>
	<source>
		<database>Unknown</database>
	</source>
	<size>
		<width>501</width>
		<height>501</height>
		<depth>3</depth>
	</size>
	<segmented>0</segmented>
	<object>
		<name>Vent</name>
		<pose>Unspecified</pose>
		<truncated>0</truncated>
		<difficult>0</difficult>
		<bndbox>
			<xmin>435</xmin>
			<ymin>169</ymin>
			<xmax>453</xmax>
			<ymax>187</ymax>
		</bndbox>
	</object>
	<object>
		<name>Vent</name>
		<pose>Unspecified</pose>
		<truncated>0</truncated>
		<difficult>0</difficult>
		<bndbox>
			<xmin>467</xmin>
			<ymin>190</ymin>
			<xmax>486</xmax>
			<ymax>208</ymax>
		</bndbox>
	</object>
</annotation>
