<annotation>
	<folder>Relabel_Boxes_and_Coolingtowers</folder>
	<filename>Frankfurt_13 (8)_resized.jpg</filename>
	<path>F:\UNI_MASTER\MASTERARBEIT\Bilder\Google_Earth_Exported\Training_Images\Chillers\1_One_Class\To_Roboflow_Checked_Version_2\Relabel_Boxes_and_Coolingtowers\Frankfurt_13 (8)_resized.jpg</path>
	<source>
		<database>Unknown</database>
	</source>
	<size>
		<width>512</width>
		<height>512</height>
		<depth>3</depth>
	</size>
	<segmented>0</segmented>
	<object>
		<name>Chiller</name>
		<pose>Unspecified</pose>
		<truncated>0</truncated>
		<difficult>0</difficult>
		<bndbox>
			<xmin>171</xmin>
			<ymin>171</ymin>
			<xmax>213</xmax>
			<ymax>264</ymax>
		</bndbox>
	</object>
	<object>
		<name>Chiller</name>
		<pose>Unspecified</pose>
		<truncated>0</truncated>
		<difficult>0</difficult>
		<bndbox>
			<xmin>196</xmin>
			<ymin>319</ymin>
			<xmax>239</xmax>
			<ymax>412</ymax>
		</bndbox>
	</object>
	<object>
		<name>Chiller</name>
		<pose>Unspecified</pose>
		<truncated>0</truncated>
		<difficult>0</difficult>
		<bndbox>
			<xmin>263</xmin>
			<ymin>152</ymin>
			<xmax>318</xmax>
			<ymax>309</ymax>
		</bndbox>
	</object>
	<object>
		<name>Chiller</name>
		<pose>Unspecified</pose>
		<truncated>0</truncated>
		<difficult>0</difficult>
		<bndbox>
			<xmin>295</xmin>
			<ymin>335</ymin>
			<xmax>351</xmax>
			<ymax>492</ymax>
		</bndbox>
	</object>
</annotation>
