<annotation>
	<folder>Relabel_Boxes_and_Coolingtowers</folder>
	<filename>Frankfurt_13 (1)_resized.jpg</filename>
	<path>F:\UNI_MASTER\MASTERARBEIT\Bilder\Google_Earth_Exported\Training_Images\Chillers\1_One_Class\To_Roboflow_Checked_Version_2\Relabel_Boxes_and_Coolingtowers\Frankfurt_13 (1)_resized.jpg</path>
	<source>
		<database>Unknown</database>
	</source>
	<size>
		<width>512</width>
		<height>512</height>
		<depth>3</depth>
	</size>
	<segmented>0</segmented>
	<object>
		<name>Chiller</name>
		<pose>Unspecified</pose>
		<truncated>0</truncated>
		<difficult>0</difficult>
		<bndbox>
			<xmin>54</xmin>
			<ymin>331</ymin>
			<xmax>165</xmax>
			<ymax>369</ymax>
		</bndbox>
	</object>
	<object>
		<name>Chiller</name>
		<pose>Unspecified</pose>
		<truncated>0</truncated>
		<difficult>0</difficult>
		<bndbox>
			<xmin>261</xmin>
			<ymin>252</ymin>
			<xmax>375</xmax>
			<ymax>291</ymax>
		</bndbox>
	</object>
	<object>
		<name>Chiller</name>
		<pose>Unspecified</pose>
		<truncated>0</truncated>
		<difficult>0</difficult>
		<bndbox>
			<xmin>265</xmin>
			<ymin>315</ymin>
			<xmax>377</xmax>
			<ymax>354</ymax>
		</bndbox>
	</object>
</annotation>
