<annotation>
	<folder>Relabel_Boxes_and_Coolingtowers</folder>
	<filename>Frankfurt_12 (4)_resized.jpg</filename>
	<path>F:\UNI_MASTER\MASTERARBEIT\Bilder\Google_Earth_Exported\Training_Images\Chillers\1_One_Class\To_Roboflow_Checked_Version_2\Relabel_Boxes_and_Coolingtowers\Frankfurt_12 (4)_resized.jpg</path>
	<source>
		<database>Unknown</database>
	</source>
	<size>
		<width>512</width>
		<height>512</height>
		<depth>3</depth>
	</size>
	<segmented>0</segmented>
	<object>
		<name>Chiller</name>
		<pose>Unspecified</pose>
		<truncated>0</truncated>
		<difficult>0</difficult>
		<bndbox>
			<xmin>87</xmin>
			<ymin>241</ymin>
			<xmax>210</xmax>
			<ymax>284</ymax>
		</bndbox>
	</object>
	<object>
		<name>Chiller</name>
		<pose>Unspecified</pose>
		<truncated>0</truncated>
		<difficult>0</difficult>
		<bndbox>
			<xmin>92</xmin>
			<ymin>308</ymin>
			<xmax>216</xmax>
			<ymax>352</ymax>
		</bndbox>
	</object>
	<object>
		<name>Chiller</name>
		<pose>Unspecified</pose>
		<truncated>0</truncated>
		<difficult>0</difficult>
		<bndbox>
			<xmin>265</xmin>
			<ymin>296</ymin>
			<xmax>387</xmax>
			<ymax>340</ymax>
		</bndbox>
	</object>
	<object>
		<name>Chiller</name>
		<pose>Unspecified</pose>
		<truncated>0</truncated>
		<difficult>0</difficult>
		<bndbox>
			<xmin>260</xmin>
			<ymin>227</ymin>
			<xmax>384</xmax>
			<ymax>268</ymax>
		</bndbox>
	</object>
</annotation>
